{"client_meta":{"background_color":{"r":0.11764705926179886,"g":0.11764705926179886,"b":0.11764705926179886,"a":1},"thumbnail_size":{"width":374,"height":400},"render_coordinates":{"x":-3459,"y":-2003,"width":4096,"height":4385.76513671875}},"file_name":"3D Mapping","developer_related_links":[],"exported_at":"2026-07-01T02:00:06.411Z"}